agent,partite,vittorie,winrate,elo
szlachetny snieg,153,101,0.6601307189542484,1221
Majkel1337,312,190,0.6089743589743589,1193
matheus,109,72,0.6605504587155964,1185
ktr,132,79,0.5984848484848485,1182
Dominic Peel,178,108,0.6067415730337079,1181
213tubo,172,104,0.6046511627906976,1171
Pokemon Siuuuu,114,65,0.5701754385964912,1166
junseo lee,128,80,0.625,1164
LumenLiquidity,125,82,0.656,1163
Iliamna,127,81,0.6377952755905512,1155
齐乐,148,79,0.5337837837837838,1152
Dieter,151,97,0.6423841059602649,1151
e-toppo + kurupical,146,95,0.6506849315068494,1149
Kotaro OKUYAMA,194,107,0.5515463917525774,1149
Vadim Vasilenko,106,66,0.6226415094339622,1145
Luca,110,66,0.6,1144
Jose Coronel,38,26,0.6842105263157895,1142
shosemaru,98,60,0.6122448979591837,1142
tetsu2131,95,58,0.6105263157894737,1142
__Taichicchi__,274,167,0.6094890510948905,1142
aknomura,72,42,0.5833333333333334,1142
Azat Akhtyamov,185,113,0.6108108108108108,1136
Yushin Ito,211,122,0.5781990521327014,1134
gecogeco,110,62,0.5636363636363636,1130
Team KASA.,192,103,0.5364583333333334,1128
Yigit Kayali,89,56,0.6292134831460674,1127
Roman Nesterov,40,26,0.65,1124
Budew,79,51,0.6455696202531646,1124
那个男人,100,60,0.6,1124
Team Rot-Weiß,107,62,0.5794392523364486,1124
やる気元気ミワハルキ,103,54,0.5242718446601942,1124
Praxel,48,29,0.6041666666666666,1122
Oshbocker,108,61,0.5648148148148148,1122
me and the lads,236,125,0.5296610169491526,1122
LiamK,189,112,0.5925925925925926,1121
insuperabilehart,103,55,0.5339805825242718,1119
ZETADIVISION,26,19,0.7307692307692307,1117
Gotta Smash 'Em All,70,43,0.6142857142857143,1117
低消650元任你吃啊,128,72,0.5625,1117
J.Moriuchi,79,43,0.5443037974683544,1116
대답해드리는게인지상정,95,54,0.5684210526315789,1114
fle3n,131,76,0.5801526717557252,1113
THIRD PTCG Club,220,119,0.5409090909090909,1113
kashiwashira,251,147,0.5856573705179283,1111
GUOHAOYANG,221,129,0.583710407239819,1111
lollipop947,93,60,0.6451612903225806,1110
Orin,70,46,0.6571428571428571,1109
西松大祐,129,72,0.5581395348837209,1103
cununn,130,74,0.5692307692307692,1102
shg195,109,62,0.5688073394495413,1102
Hancang Mi,123,74,0.6016260162601627,1094
haggle,234,124,0.5299145299145299,1094
wwwwwwwwwwwwwwwwwwwwwwwwwwwwww,183,108,0.5901639344262295,1093
nsytsqdtn,115,61,0.5304347826086957,1091
Dries @ Tufa Labs,129,72,0.5581395348837209,1090
【共逐荣光】Timmy Juicehouse,156,80,0.5128205128205128,1090
KawattaTaido,81,51,0.6296296296296297,1089
monnosuke,84,46,0.5476190476190477,1088
junlee789,193,111,0.5751295336787565,1087
MtN,120,63,0.525,1087
zoroark190,182,113,0.6208791208791209,1086
miya,116,60,0.5172413793103449,1085
youtube.com/@BigBugginnings,159,95,0.5974842767295597,1084
bono,176,108,0.6136363636363636,1083
JZ,160,85,0.53125,1081
iwance,75,46,0.6133333333333333,1080
Thai,40,19,0.475,1077
Ghleii,117,64,0.5470085470085471,1076
Roman Stupin,212,126,0.5943396226415094,1075
jiatu.l,168,81,0.48214285714285715,1075
iwashi,123,63,0.5121951219512195,1071
Eduardo Rocha de Andrade,168,87,0.5178571428571429,1070
Gemini ch.,192,108,0.5625,1069
koala_bear “もりたにあん”,96,53,0.5520833333333334,1069
NorthStar,120,66,0.55,1069
Rafael,129,69,0.5348837209302325,1066
ZHYW,6,5,0.8333333333333334,1065
Help-Computa,11,7,0.6363636363636364,1065
カントー地方マスター,114,68,0.5964912280701754,1065
NIWATORI,159,87,0.5471698113207547,1065
Benarg,166,85,0.5120481927710844,1064
spasibo egoru,18,10,0.5555555555555556,1063
goonew,131,67,0.5114503816793893,1059
Rmy,218,111,0.5091743119266054,1058
wkonishi,20,10,0.5,1057
Pokéman,7,6,0.8571428571428571,1056
tktkyamyam,14,8,0.5714285714285714,1052
Kh0a,123,63,0.5121951219512195,1052
{{ team_name }},9,6,0.6666666666666666,1049
NguyenThanhNhan,140,69,0.4928571428571429,1049
fujiborozoukin,108,56,0.5185185185185185,1048
A. R. SEKKAT,217,127,0.5852534562211982,1046
Battle Data Base,3,3,1.0,1044
tomo11111,12,7,0.5833333333333334,1044
Pokér-man,81,43,0.5308641975308642,1044
タニシ,110,55,0.5,1044
Yiheng Wang,14,8,0.5714285714285714,1043
NoOne,115,56,0.48695652173913045,1043
cm391,8,5,0.625,1042
poppy457,8,5,0.625,1041
theredbluepill,10,6,0.6,1040
ポケカ前線,11,6,0.5454545454545454,1038
X,3,3,1.0,1036
Poké-man,13,8,0.6153846153846154,1035
TTT Is All You Need,49,27,0.5510204081632653,1035
syuuuuu,12,6,0.5,1035
taku_Kuma,8,5,0.625,1034
Sota Uchiyama,11,6,0.5454545454545454,1034
RK,2,2,1.0,1033
sleeper,2,2,1.0,1033
BhavitB,4,3,0.75,1033
suguuuuu & hiehie,4,3,0.75,1033
tera358,2,2,1.0,1032
BarrelAged,7,4,0.5714285714285714,1031
perrodawn,7,4,0.5714285714285714,1031
rmizuta,108,55,0.5092592592592593,1031
xinpw8,2,2,1.0,1030
Haumea,24,11,0.4583333333333333,1029
Donate to Venezuela,2,2,1.0,1028
yalee,2,2,1.0,1028
KakuTakagawa,9,5,0.5555555555555556,1028
Jeffrey Pike,17,8,0.47058823529411764,1028
Xiangyu Liu,22,10,0.45454545454545453,1028
jneums,112,49,0.4375,1028
想要成为kaggle大师,22,10,0.45454545454545453,1027
hoshippi,113,51,0.45132743362831856,1027
Nikita Babych,2,2,1.0,1026
Schneiden,2,2,1.0,1025
shini47,2,2,1.0,1025
ゾロアホゲータカポエラーホエルオーヒトモシ,2,2,1.0,1025
Olegolas1,10,5,0.5,1024
taksai,20,10,0.5,1024
Where is my orbit,144,72,0.5,1023
Biubiu,5,3,0.6,1022
SJY321,5,3,0.6,1022
ei ei ei yikuso,107,49,0.45794392523364486,1022
saeNeko,8,4,0.5,1021
pztriatomic,13,6,0.46153846153846156,1021
Bart von Meijenfeldt,34,18,0.5294117647058824,1019
Davide,1,1,1.0,1018
Eruto Kondo,1,1,1.0,1018
Nine1Eight,1,1,1.0,1018
Tian hao Qing Nano7ko,1,1,1.0,1018
XP3RiX,1,1,1.0,1018
Yugoawawa,1,1,1.0,1018
ayato_suzuki10,1,1,1.0,1018
hideMonkey,1,1,1.0,1018
llkarill,1,1,1.0,1018
tw_shin,1,1,1.0,1018
zumi zumi,1,1,1.0,1018
清水一希,1,1,1.0,1018
Gengar,5,3,0.6,1018
lolzpo + emonga,42,17,0.40476190476190477,1018
AGNT.gg,1,1,1.0,1017
Ash,1,1,1.0,1017
Bowowen,1,1,1.0,1017
COLD,1,1,1.0,1017
Emanuel Perez,1,1,1.0,1017
Enoki,1,1,1.0,1017
Finlay Anderson,1,1,1.0,1017
NayuNayu,1,1,1.0,1017
Rachelton,1,1,1.0,1017
Rostislav,1,1,1.0,1017
Rotation Theory,1,1,1.0,1017
TakamaruEX,1,1,1.0,1017
idk,1,1,1.0,1017
kazuki morikawa,1,1,1.0,1017
kosuke-shimizu,1,1,1.0,1017
near field,1,1,1.0,1017
rmoooi,1,1,1.0,1017
u2,1,1,1.0,1017
vkhydras,1,1,1.0,1017
スズキタケヤ,1,1,1.0,1017
Ochir Dorzhiev,8,4,0.5,1017
Marshall Maximizer,45,21,0.4666666666666667,1017
msd0110,28,12,0.42857142857142855,1017
AKIYA NAKASATO,1,1,1.0,1016
Beginner's luck,1,1,1.0,1016
FinlaMor,1,1,1.0,1016
Kawakami,1,1,1.0,1016
Le Trong Hieu,1,1,1.0,1016
Masato_Hidaka,1,1,1.0,1016
Paris Baguette,1,1,1.0,1016
Pyouneetm,1,1,1.0,1016
shigengtian,1,1,1.0,1016
yamuyamu,1,1,1.0,1016
yasu,1,1,1.0,1016
怒破餓鬼,1,1,1.0,1016
打不过zen,1,1,1.0,1016
PP kawada,5,3,0.6,1016
One Turn Off Lethal,16,7,0.4375,1016
Chua Zheng Wei Brian,12,5,0.4166666666666667,1016
Allan Kássio Beckman Soares da Cruz,1,1,1.0,1015
Anvith Pothula,1,1,1.0,1015
"Gojo, Toji, Sukuna",1,1,1.0,1015
Jackylw,1,1,1.0,1015
KHira,1,1,1.0,1015
LI YIYANG829,1,1,1.0,1015
MakiMakiAi,1,1,1.0,1015
Rishiraj Acharya,1,1,1.0,1015
Suyash Verma,1,1,1.0,1015
Tri Nguyen,1,1,1.0,1015
gagacrow,1,1,1.0,1015
hayle60,1,1,1.0,1015
pokesom,1,1,1.0,1015
shyGnome3,1,1,1.0,1015
vibechu,1,1,1.0,1015
yutssk,1,1,1.0,1015
chenpengyu603,3,2,0.6666666666666666,1015
cyrus,3,2,0.6666666666666666,1015
YumeNeko,11,5,0.45454545454545453,1015
Skyra,9,4,0.4444444444444444,1015
Abdalrahman mohamed,1,1,1.0,1014
Alex G,1,1,1.0,1014
Altar Buyukdogan,1,1,1.0,1014
Ausrine,1,1,1.0,1014
Kailee Hamre,1,1,1.0,1014
Lunariz,1,1,1.0,1014
NiuNiu,1,1,1.0,1014
Otias Ujiat,1,1,1.0,1014
SamuelSanolume,1,1,1.0,1014
aoi1222,1,1,1.0,1014
matsubarajotaro,1,1,1.0,1014
maxwell_ml,1,1,1.0,1014
toiru1999,1,1,1.0,1014
すずき,1,1,1.0,1014
lmaffei,116,61,0.5258620689655172,1014
K.Yoshida,4,2,0.5,1014
MPGaming,18,7,0.3888888888888889,1014
Calcite Valentin,1,1,1.0,1013
Hungchien,1,1,1.0,1013
MizoTake,1,1,1.0,1013
SHUBHOJIT NASKAR,1,1,1.0,1013
ShuHaya,1,1,1.0,1013
Vernon,1,1,1.0,1013
ahawd,1,1,1.0,1013
kiwi apple,1,1,1.0,1013
zzz zzz6789,1,1,1.0,1013
RtoABC,31,12,0.3870967741935484,1013
Hamu.py,1,1,1.0,1012
IPL,1,1,1.0,1012
Sebastian & Breno,1,1,1.0,1012
keteru,1,1,1.0,1012
szyulian,1,1,1.0,1012
BluezLee,4,2,0.5,1012
Flood Beast,1,1,1.0,1011
PokeBotty,1,1,1.0,1011
simmons1025,2,1,0.5,1011
黒田彩人,2,1,0.5,1011
kunihiro,11,5,0.45454545454545453,1011
john jiang zhifeng,7,3,0.42857142857142855,1011
Käfersammler Max,24,10,0.4166666666666667,1011
AmiciDelPo,2,1,0.5,1010
BoxyML,2,1,0.5,1010
Hirotaka Sugawara,2,1,0.5,1010
MAC,2,1,0.5,1010
tarakobasuta,2,1,0.5,1010
Andrej Carpenter,4,2,0.5,1009
CHEN CHEN,4,2,0.5,1009
Efthimios,2,1,0.5,1009
Xinpeng Bei,2,1,0.5,1009
nekokaeru,2,1,0.5,1009
xnx,4,2,0.5,1009
Денис,2,1,0.5,1009
豆本豆豆包,2,1,0.5,1009
shu,7,3,0.42857142857142855,1009
Pokémon Day Care,20,8,0.4,1009
SQUIRTLE (prime),136,70,0.5147058823529411,1008
CoCoSh,2,1,0.5,1008
Fakble 6,2,1,0.5,1008
Hritik Arasu,2,1,0.5,1008
Lior Toledano,2,1,0.5,1008
Matsu,2,1,0.5,1008
TMMT,2,1,0.5,1008
Yuto Muroshima,2,1,0.5,1008
hoshi18,7,3,0.42857142857142855,1008
Bozo Boys,4,2,0.5,1007
Hishi057,2,1,0.5,1007
ISSEI,2,1,0.5,1007
Masayuki Ueno,2,1,0.5,1007
gemelom,2,1,0.5,1007
rurumi,2,1,0.5,1007
taka,2,1,0.5,1007
ttmn,4,2,0.5,1007
Topdecking is All You Need,14,6,0.42857142857142855,1007
hiro094,7,3,0.42857142857142855,1007
vvs,27,11,0.4074074074074074,1007
AlphaMon,2,1,0.5,1006
Daikon99,2,1,0.5,1006
Masashi Onda,2,1,0.5,1006
Mokuren Narisawa,2,1,0.5,1006
elrapido,2,1,0.5,1006
🐱KittenLeague🐱,2,1,0.5,1006
Abhiraj Singh,17,8,0.47058823529411764,1006
RMatsugen,7,3,0.42857142857142855,1006
rotto,21,9,0.42857142857142855,1006
takayosi,7,3,0.42857142857142855,1006
Bocchieri Alberto,2,1,0.5,1005
DeepMew,2,1,0.5,1005
Gracie,2,1,0.5,1005
Masahiro Nagasawa,2,1,0.5,1005
SantaClaws 🎅,2,1,0.5,1005
Snow Yan,2,1,0.5,1005
askamijo,2,1,0.5,1005
capbloo,2,1,0.5,1005
koga_poke,2,1,0.5,1005
XtraLearning,5,2,0.4,1005
kami,8,3,0.375,1005
Tsubasa,4,2,0.5,1004
masuo machidori,2,1,0.5,1004
hukuda222,7,3,0.42857142857142855,1004
Kunal Aarse,2,1,0.5,1003
Kyoungwon Jeong,2,1,0.5,1003
Magikarp,2,1,0.5,1003
Nekogami,2,1,0.5,1003
Takaaki Matsuda,2,1,0.5,1003
Gijs Smit,57,22,0.38596491228070173,1003
stardom,13,5,0.38461538461538464,1003
Orion,8,3,0.375,1003
Raja Biswas,123,62,0.5040650406504065,1002
ANIMA SQUAD,2,1,0.5,1002
jp_nerdery,2,1,0.5,1002
Oleksandr_Savsunenko,7,3,0.42857142857142855,1002
ei1333,12,5,0.4166666666666667,1002
ノノノノノノノノ,5,2,0.4,1002
ImANoob1122,3,1,0.3333333333333333,1002
skurita,5,2,0.4,1001
Himi Yamato,3,1,0.3333333333333333,1001
Xiangjiang Zhou,3,1,0.3333333333333333,1001
kokun syu,5,2,0.4,1000
Brahim,34,12,0.35294117647058826,1000
caprest,3,1,0.3333333333333333,1000
fuga doggo,3,1,0.3333333333333333,1000
kidekikish,3,1,0.3333333333333333,1000
Hexylab,0,0,0.0,1000
Gaurav Goswami,5,2,0.4,999
宝糕手,30,11,0.36666666666666664,999
John Mitchell,3,1,0.3333333333333333,999
Omniscience,3,1,0.3333333333333333,999
Shota Hirao,3,1,0.3333333333333333,999
Sou Hano,3,1,0.3333333333333333,999
AyFukushima,16,6,0.375,998
Arti-fish-ial Intelligence,3,1,0.3333333333333333,998
Chekhlov Dmitrii,3,1,0.3333333333333333,998
Fususu,3,1,0.3333333333333333,998
akzw,3,1,0.3333333333333333,998
klog,3,1,0.3333333333333333,998
mimi,3,1,0.3333333333333333,998
rick & shikitora,15,6,0.4,997
Tsuyoshi Suketomo,3,1,0.3333333333333333,997
wangyuou,23,9,0.391304347826087,996
Rok,3,1,0.3333333333333333,996
Tanabe Yudai,6,2,0.3333333333333333,996
ペンギン,6,2,0.3333333333333333,996
3.14159265,1,0,0.0,996
CMK,3,1,0.3333333333333333,995
Ruko,3,1,0.3333333333333333,995
Little Rascal,1,0,0.0,995
Xuanyi Liao,1,0,0.0,995
Pushu?,18,7,0.3888888888888889,994
Latte,6,2,0.3333333333333333,994
titako0000,3,1,0.3333333333333333,994
Choco,1,0,0.0,994
Ewart ML,1,0,0.0,994
HAL TCG Dojo,1,0,0.0,994
HARUKI HARADA,1,0,0.0,994
Iclal Cetin,1,0,0.0,994
InformaBook2,1,0,0.0,994
Kazuya Hirose,1,0,0.0,994
Kobasun,1,0,0.0,994
MADICHETTY SAI RUCHITHA,1,0,0.0,994
Mamo,1,0,0.0,994
Nao Komura,1,0,0.0,994
POKEDEMIA_ISSEI,1,0,0.0,994
Penguin,1,0,0.0,994
SUGI,1,0,0.0,994
SoPro,1,0,0.0,994
Takusato,1,0,0.0,994
Xiaoqing Su,1,0,0.0,994
YanXiaohan666,1,0,0.0,994
Z19 Maker,1,0,0.0,994
aidy,1,0,0.0,994
atsuken,1,0,0.0,994
born,1,0,0.0,994
cabbage patch,1,0,0.0,994
cornwall,1,0,0.0,994
cshara,1,0,0.0,994
flaty,1,0,0.0,994
harapeco_onakasuita,1,0,0.0,994
hdttnk,1,0,0.0,994
jesus riva,1,0,0.0,994
kozzy,1,0,0.0,994
ktyoku,1,0,0.0,994
mochikiichigo,1,0,0.0,994
persn,1,0,0.0,994
sakaitt,1,0,0.0,994
sashimi0402,1,0,0.0,994
shimasoft,1,0,0.0,994
sou yamaguchi,1,0,0.0,994
t-enstar,1,0,0.0,994
typeIIIfairy,1,0,0.0,994
venom,1,0,0.0,994
xiaoxin zhao,1,0,0.0,994
かすみさんち,1,0,0.0,994
ことこと,1,0,0.0,994
泣きむしサメチャン,1,0,0.0,994
Shardul Gharat,21,9,0.42857142857142855,993
MIRAI LAB,16,6,0.375,993
giacomovin,10,3,0.3,993
kmizunoster,4,1,0.25,993
600626_วายุ,1,0,0.0,993
@🤞@,1,0,0.0,993
Aditya Sharma,1,0,0.0,993
Ajishio,1,0,0.0,993
Akifumi Okubo,1,0,0.0,993
Albert Wang,1,0,0.0,993
Alex Gorica,1,0,0.0,993
AlphaKarpZero,1,0,0.0,993
AnSuSu,1,0,0.0,993
Anhad Mahajan,1,0,0.0,993
Ant,1,0,0.0,993
Aslan168,1,0,0.0,993
Athar Sayed,1,0,0.0,993
Bulba-Zero,1,0,0.0,993
Chen Hongjie,1,0,0.0,993
ChrisYU2021,1,0,0.0,993
Cook Noah,1,0,0.0,993
Dauthui,1,0,0.0,993
Dustin L,1,0,0.0,993
Edward Lue Chee Lip,1,0,0.0,993
Ethereal49,1,0,0.0,993
Exodia,1,0,0.0,993
Fernando,1,0,0.0,993
Gary,1,0,0.0,993
Genki,1,0,0.0,993
Giovanni Chang,1,0,0.0,993
HKU_144,1,0,0.0,993
Haruto_Beginner Data Scientist,1,0,0.0,993
Hikaru Umeyama,1,0,0.0,993
Hiroyasu123,1,0,0.0,993
HiroyukiSasaki,1,0,0.0,993
Hitoshi Mochizuki,1,0,0.0,993
Jarl_Bulbasaur,1,0,0.0,993
Jonathan Coletti,1,0,0.0,993
Junliang Ye,1,0,0.0,993
Kelvin,1,0,0.0,993
Kitaev,1,0,0.0,993
Klein Houmani,1,0,0.0,993
Kohta.F,1,0,0.0,993
LCZ1996,1,0,0.0,993
Logical matrix,1,0,0.0,993
Maxim Simakov,1,0,0.0,993
Maximiliano,1,0,0.0,993
Mehul Mathodia,1,0,0.0,993
Milind Choudhary,1,0,0.0,993
Minal kharat123,1,0,0.0,993
Mr_Ralphie,1,0,0.0,993
Muhandro,1,0,0.0,993
Namito,1,0,0.0,993
Natsuki Kasubata,1,0,0.0,993
Parth Thakker,1,0,0.0,993
Pioneer 2,1,0,0.0,993
Poshiri,1,0,0.0,993
Pult Pounders ;),1,0,0.0,993
Roy_Wang925,1,0,0.0,993
Shigu Marimo,1,0,0.0,993
Shishio Makoto,1,0,0.0,993
Skyraider,1,0,0.0,993
Skyscraver,1,0,0.0,993
Sobat Bucin,1,0,0.0,993
Suzuki Mari,1,0,0.0,993
T T (りっきー),1,0,0.0,993
Taira Kaminaga,1,0,0.0,993
Takuro Abe,1,0,0.0,993
Team_Rocket,1,0,0.0,993
Tomoki Tanzawa,1,0,0.0,993
Toriitechforge_John,1,0,0.0,993
Trainer Karl,1,0,0.0,993
Twe Dyo,1,0,0.0,993
UBI=ISHI,1,0,0.0,993
Vicky Maan,1,0,0.0,993
We1chnon,1,0,0.0,993
Wellch,1,0,0.0,993
Yohanchen,1,0,0.0,993
Zachariah Glad,1,0,0.0,993
[Deleted] b62b5e0a-0771-47bf-93b0-1d6d0c94542f,1,0,0.0,993
daniel,1,0,0.0,993
funahara,1,0,0.0,993
g-taniguchi,1,0,0.0,993
gamesu7107,1,0,0.0,993
gogogozi migimimi,1,0,0.0,993
haiy_qq,1,0,0.0,993
haruki nishio,1,0,0.0,993
hatakazu93,1,0,0.0,993
hayatoail,1,0,0.0,993
himatani,1,0,0.0,993
hirotaka kaminishi,1,0,0.0,993
hookbook,1,0,0.0,993
jannchie,1,0,0.0,993
junXD5,1,0,0.0,993
k66,1,0,0.0,993
kawachi,1,0,0.0,993
kmn,1,0,0.0,993
kurushun,1,0,0.0,993
kusui26,1,0,0.0,993
lackmind,1,0,0.0,993
lei minish,1,0,0.0,993
monsaraida,1,0,0.0,993
nashu,1,0,0.0,993
nnadrian,1,0,0.0,993
nyanlinnmya,1,0,0.0,993
ozdogant,1,0,0.0,993
pysong wang,1,0,0.0,993
qqjling333,1,0,0.0,993
rode,1,0,0.0,993
seiya.n21,1,0,0.0,993
shallowfieldagon,1,0,0.0,993
shu8Cream,1,0,0.0,993
sixer srinath,1,0,0.0,993
sk1012,1,0,0.0,993
sqrt4kaido,1,0,0.0,993
taiyoooo,1,0,0.0,993
tk.mit0127,1,0,0.0,993
tokawa2997,1,0,0.0,993
vivaleee,1,0,0.0,993
volume_pomeranian,1,0,0.0,993
xxhogehogexx,1,0,0.0,993
yamy893,1,0,0.0,993
yanakatsu,1,0,0.0,993
yuki,1,0,0.0,993
yuki #3,1,0,0.0,993
yuki jyono,1,0,0.0,993
yw8837,1,0,0.0,993
zzz_nya,1,0,0.0,993
АНАНАС,1,0,0.0,993
ゼミ費ください。,1,0,0.0,993
立て板に水,1,0,0.0,993
车嘉宁（Mr-Car）,1,0,0.0,993
（かえる）,1,0,0.0,993
Michael Long,24,10,0.4166666666666667,992
fizzmi,3,1,0.3333333333333333,992
Matteo Pintore,4,1,0.25,992
20241206_yujinkim,1,0,0.0,992
ASAGAO,1,0,0.0,992
Aakansha.aakaa,1,0,0.0,992
Aayush Sigdel,1,0,0.0,992
Abdulazeez AbdulMumeen,1,0,0.0,992
Abhishek Jain,1,0,0.0,992
Adi Kumar,1,0,0.0,992
Andreas Bretschneider,1,0,0.0,992
Bektursyn Shaimerden,1,0,0.0,992
Bidoofuses,1,0,0.0,992
CYLIM87,1,0,0.0,992
Charmander,1,0,0.0,992
Climber513,1,0,0.0,992
Dasinu,1,0,0.0,992
DiuDiu,1,0,0.0,992
Gabriele,1,0,0.0,992
Hikaru Yamamoto,1,0,0.0,992
Ikeda0516,1,0,0.0,992
Infernape,1,0,0.0,992
Jonathan Amdam,1,0,0.0,992
Kazeneko,1,0,0.0,992
Koikoiiinami,1,0,0.0,992
Kuriboh,1,0,0.0,992
LiquidAmmonia1999,1,0,0.0,992
MAMOOS,1,0,0.0,992
MTADA,1,0,0.0,992
MahLong,1,0,0.0,992
Mai iss Duniya ka papa hu papa,1,0,0.0,992
Michael Krager,1,0,0.0,992
Monibee Fudgekins,1,0,0.0,992
Murat Kolic,1,0,0.0,992
Nathan Arellano,1,0,0.0,992
Nozopo,1,0,0.0,992
NullPointer,1,0,0.0,992
OKA,1,0,0.0,992
POGINATORS,1,0,0.0,992
PTCG_HORMONE,1,0,0.0,992
Pelayo Puerta,1,0,0.0,992
Quasar,1,0,0.0,992
RMensinck,1,0,0.0,992
Raki,1,0,0.0,992
Rojiomote,1,0,0.0,992
RyanHo,1,0,0.0,992
Ryusei Nishide,1,0,0.0,992
S. B.,1,0,0.0,992
SKMAAX,1,0,0.0,992
SeaEag1e,1,0,0.0,992
ShinjiroKuroda,1,0,0.0,992
Shiv Satyam,1,0,0.0,992
Soup,1,0,0.0,992
Super Mippo,1,0,0.0,992
Supermercado,1,0,0.0,992
Sébastien henry,1,0,0.0,992
TaSuy,1,0,0.0,992
Tai Yoda,1,0,0.0,992
TakayukiSPIC,1,0,0.0,992
Takito Kobayashi,1,0,0.0,992
Team Rocket,1,0,0.0,992
Terminal 7,1,0,0.0,992
Thomas Young,1,0,0.0,992
Valkyrja,1,0,0.0,992
Water Xiao,1,0,0.0,992
YOYOYO2026,1,0,0.0,992
Yichen Ao,1,0,0.0,992
Yohei Nakajima,1,0,0.0,992
YoshiBrightside,1,0,0.0,992
YounsungLEE,1,0,0.0,992
Yuk!,1,0,0.0,992
ZEZE,1,0,0.0,992
Zscorpio,1,0,0.0,992
adomot,1,0,0.0,992
aym283,1,0,0.0,992
azuma haruki,1,0,0.0,992
b13902103_yuhung94,1,0,0.0,992
bambi_create,1,0,0.0,992
cam3ronc,1,0,0.0,992
celebi,1,0,0.0,992
d02775,1,0,0.0,992
djschmit,1,0,0.0,992
eiji noguchi,1,0,0.0,992
gibbonhugs,1,0,0.0,992
hacotowha,1,0,0.0,992
hamza khokhar890,1,0,0.0,992
haonan zhengh,1,0,0.0,992
harlen,1,0,0.0,992
hikarimaru,1,0,0.0,992
hodumi,1,0,0.0,992
ichYam,1,0,0.0,992
insert team name here,1,0,0.0,992
itsuki-data,1,0,0.0,992
jaafarbk,1,0,0.0,992
jongyoon,1,0,0.0,992
jun.2.tam,1,0,0.0,992
kaito ide 31,1,0,0.0,992
kaliafluorido,1,0,0.0,992
kmj200392,1,0,0.0,992
ko_kuramoto6,1,0,0.0,992
kuma_jp,1,0,0.0,992
kumi cho,1,0,0.0,992
kutty1119,1,0,0.0,992
leche1153,1,0,0.0,992
lingyu07,1,0,0.0,992
linjianrong,1,0,0.0,992
llAnjull,1,0,0.0,992
loveispoison,1,0,0.0,992
mackerel is all you need,1,0,0.0,992
menace369,1,0,0.0,992
n shuhei,1,0,0.0,992
oisho,1,0,0.0,992
radian0523,1,0,0.0,992
reizouko264,1,0,0.0,992
rekhasri,1,0,0.0,992
ren110,1,0,0.0,992
reo ifigg,1,0,0.0,992
riku_cascade,1,0,0.0,992
ryusei,1,0,0.0,992
sakuyuna,1,0,0.0,992
sangmin7b,1,0,0.0,992
shreyas sangalad,1,0,0.0,992
takusemba,1,0,0.0,992
takuyay,1,0,0.0,992
taopy2,1,0,0.0,992
team-N24,1,0,0.0,992
tedo,1,0,0.0,992
tereka,1,0,0.0,992
thunder_ftg,1,0,0.0,992
titanascended,1,0,0.0,992
togakyo,1,0,0.0,992
tomokawa,1,0,0.0,992
tonpeeee_pokemon,1,0,0.0,992
tstakeda,1,0,0.0,992
viber3221,1,0,0.0,992
yamiryu,1,0,0.0,992
yue13,1,0,0.0,992
zhexun Liu,1,0,0.0,992
zhuo wamg,1,0,0.0,992
いもぞん,1,0,0.0,992
すーぱーひとで,1,0,0.0,992
なかよしポケカ倶楽部,1,0,0.0,992
みがわり,1,0,0.0,992
养猪小能手,1,0,0.0,992
土佐黒潮共和国,1,0,0.0,992
宮武輝弥,1,0,0.0,992
让子弹飞一会儿,1,0,0.0,992
Myckel Uribe,8,3,0.375,991
Phil_Hellmuth,16,5,0.3125,991
TCGFlow,4,1,0.25,991
Adi Kusuma,1,0,0.0,991
Aditya Sasidhar,1,0,0.0,991
AdityaKrishnamurthy,1,0,0.0,991
AliLucky,1,0,0.0,991
Anthony Guerrera,1,0,0.0,991
Arctix0,1,0,0.0,991
Arvind CR,1,0,0.0,991
Benjamin Liu,1,0,0.0,991
Berk Ozak,1,0,0.0,991
CCoffie,1,0,0.0,991
Chattso-GPT (Yasuhito Yanagisawa),1,0,0.0,991
Cheshire Cat,1,0,0.0,991
Chikuwabu,1,0,0.0,991
Chippy Mary Cleetus,1,0,0.0,991
Dapp,1,0,0.0,991
Dicer992,1,0,0.0,991
Dick Jessen William,1,0,0.0,991
Doranap,1,0,0.0,991
DuongTien,1,0,0.0,991
Emre Cirak,1,0,0.0,991
Evgeniy Prilutskiy,1,0,0.0,991
Evgeniy Zdoronok,1,0,0.0,991
Ezra #2,1,0,0.0,991
FabienDaniel,1,0,0.0,991
GGMaster,1,0,0.0,991
HACKSTREETBOYZ,1,0,0.0,991
Handudu,1,0,0.0,991
Harnoor Singh,1,0,0.0,991
Haye Cillia,1,0,0.0,991
Hussain Ather,1,0,0.0,991
ITF_Esys_Kasu,1,0,0.0,991
IntelligentApe,1,0,0.0,991
Ioannis M,1,0,0.0,991
Janglish,1,0,0.0,991
Jaywang,1,0,0.0,991
Jeon,1,0,0.0,991
Jiangdan Sun,1,0,0.0,991
KL,1,0,0.0,991
Kai_zuta,1,0,0.0,991
Karandeep Singh #2,1,0,0.0,991
Karolina Kafel,1,0,0.0,991
Kazumi Sakamaki,1,0,0.0,991
Kumajiro,1,0,0.0,991
L7n,1,0,0.0,991
LG,1,0,0.0,991
Leo Jeel,1,0,0.0,991
Light_uts,1,0,0.0,991
Louis-Philippe Thibault,1,0,0.0,991
MD. Nazmus Sakib Anik,1,0,0.0,991
MaggyoWIMPS,1,0,0.0,991
Mai Kevin,1,0,0.0,991
Malyshev Danil,1,0,0.0,991
Matsumoto Takeru,1,0,0.0,991
MeWe,1,0,0.0,991
Miao,1,0,0.0,991
Minchul Shin,1,0,0.0,991
MooDerEchte,1,0,0.0,991
MoriBob,1,0,0.0,991
Muhammad Junaid #2,1,0,0.0,991
Mykhailo Kalus,1,0,0.0,991
NAKANISHI Yoshiaki,1,0,0.0,991
Narumi Miyazawa,1,0,0.0,991
Natalia Jaśkowska,1,0,0.0,991
Natyu,1,0,0.0,991
Needleham,1,0,0.0,991
Nimesh Lokhande,1,0,0.0,991
Pablo,1,0,0.0,991
Pachirisu,1,0,0.0,991
Parker Morgan,1,0,0.0,991
PavelLiashkov,1,0,0.0,991
PhiRogue,1,0,0.0,991
Pocket Arena,1,0,0.0,991
Quentin Barbarat,1,0,0.0,991
Retlinac,1,0,0.0,991
Rian,1,0,0.0,991
Roo333,1,0,0.0,991
Ryosei T,1,0,0.0,991
RyotaNakanishi,1,0,0.0,991
SUN,1,0,0.0,991
Samus,1,0,0.0,991
Senn88,1,0,0.0,991
Stepan Pankratov,1,0,0.0,991
Sumant V J,1,0,0.0,991
TCre15,1,0,0.0,991
Takahiro Matsumoto,1,0,0.0,991
Takeshi&maria,1,0,0.0,991
Teppei Yamamoto,1,0,0.0,991
Testuo&Ryuji,1,0,0.0,991
The Debauchery Tea Party,1,0,0.0,991
V1enna0808,1,0,0.0,991
Vishesh Banna,1,0,0.0,991
XIAODOUZI,1,0,0.0,991
YDDDDDD999,1,0,0.0,991
Yan Enrique,1,0,0.0,991
Yasuharu Hirado,1,0,0.0,991
Yehun Jeon,1,0,0.0,991
Yuichi SUZUKI,1,0,0.0,991
Yunioshi,1,0,0.0,991
Yuto Umehara,1,0,0.0,991
ZAOUI_Yassine,1,0,0.0,991
ZZZ gang ML clan team muxomor,1,0,0.0,991
Zhongyuan Zhang,1,0,0.0,991
[Deleted] 6b0fd188-7934-48ef-9477-b2651411d504,1,0,0.0,991
alexesn,1,0,0.0,991
carlos marquez,1,0,0.0,991
cgaines,1,0,0.0,991
ei8171,1,0,0.0,991
henrytb,1,0,0.0,991
hiroto fujimori,1,0,0.0,991
itofuki,1,0,0.0,991
kajitake,1,0,0.0,991
kamonabe,1,0,0.0,991
keibrown,1,0,0.0,991
kfnsosz1,1,0,0.0,991
kisamaki0815,1,0,0.0,991
koiwashi,1,0,0.0,991
masahiro katayama,1,0,0.0,991
mgoto51004,1,0,0.0,991
mhiro2,1,0,0.0,991
nanocloudx,1,0,0.0,991
nao_370,1,0,0.0,991
nicolas maine,1,0,0.0,991
nk35jk,1,0,0.0,991
nnnnio_pppira,1,0,0.0,991
saladoil,1,0,0.0,991
sbite0138,1,0,0.0,991
sukeke,1,0,0.0,991
takanori-suzuki-desu,1,0,0.0,991
tk,1,0,0.0,991
tony998244353,1,0,0.0,991
torusuke,1,0,0.0,991
washidesu,1,0,0.0,991
ymdkk,1,0,0.0,991
あーとらぼ,1,0,0.0,991
おべんとう,1,0,0.0,991
かーーき,1,0,0.0,991
さやのーず,1,0,0.0,991
すりーぴんぐ,1,0,0.0,991
のはたく,1,0,0.0,991
みちみちすたーきんぴか,1,0,0.0,991
サングラスクマ,1,0,0.0,991
宮原景信,1,0,0.0,991
成木,1,0,0.0,991
樹神,1,0,0.0,991
秋田優斗,1,0,0.0,991
難波彰史,1,0,0.0,991
둔갑숨기,1,0,0.0,991
ToastUz,11,4,0.36363636363636365,990
presucc,4,1,0.25,990
AL Najafi,1,0,0.0,990
Adastra,1,0,0.0,990
Agustín Arellano,1,0,0.0,990
Alex,1,0,0.0,990
Allgea,1,0,0.0,990
Andrew Kuo,1,0,0.0,990
Anthony Toffetti,1,0,0.0,990
Ardell Aghna Mahendra,1,0,0.0,990
Aurora wy,1,0,0.0,990
BlurreA,1,0,0.0,990
CardPilotLab,1,0,0.0,990
Charismatic Pizza Party🍕,1,0,0.0,990
Clawdia Sakamoto,1,0,0.0,990
CourtB559,1,0,0.0,990
Deeptanush Kapaka,1,0,0.0,990
Dilyorbek Muhammadjonov,1,0,0.0,990
EPHEMORIA,1,0,0.0,990
EricYang03,1,0,0.0,990
Francesco Sardo,1,0,0.0,990
GOTCHA,1,0,0.0,990
GaveduAi,1,0,0.0,990
Golden Banana,1,0,0.0,990
HanaMew,1,0,0.0,990
Haruki Miura,1,0,0.0,990
Hayhay2323,1,0,0.0,990
Hiryu,1,0,0.0,990
Horikita Saku,1,0,0.0,990
Ivan Kalesnik,1,0,0.0,990
Kaikaku,1,0,0.0,990
KentoHako,1,0,0.0,990
Kento_1938,1,0,0.0,990
Kouhei　Sakamoto,1,0,0.0,990
Laerti Shabani,1,0,0.0,990
Liesvy Valladares,1,0,0.0,990
Longzhou Zhang,1,0,0.0,990
Martin Balla,1,0,0.0,990
Mearyl,1,0,0.0,990
Mewrone-X,1,0,0.0,990
Mystique　Kobayashi,1,0,0.0,990
N.Saito,1,0,0.0,990
NaoKato,1,0,0.0,990
NecromanAlbert,1,0,0.0,990
NiniSan,1,0,0.0,990
Nora,1,0,0.0,990
Piiikapika,1,0,0.0,990
Pokemon Garı Gacıyo,1,0,0.0,990
Prashant Kikani,1,0,0.0,990
Ryoma Terazawa,1,0,0.0,990
Seine A. Shintani,1,0,0.0,990
Shih Hua Chou,1,0,0.0,990
Shiyuanhe123,1,0,0.0,990
Shun,1,0,0.0,990
Shun.K.Kobayashi,1,0,0.0,990
TGMATH,1,0,0.0,990
TakazawaMasato,1,0,0.0,990
Team picoea4rll,1,0,0.0,990
TeamRocket,1,0,0.0,990
Timothy Bender (TBenderMMA),1,0,0.0,990
TomTom,1,0,0.0,990
Trii,1,0,0.0,990
Vishys,1,0,0.0,990
Woong,1,0,0.0,990
Yotsuba_4848,1,0,0.0,990
Zefirrr,1,0,0.0,990
abidencewww,1,0,0.0,990
alonso bardales,1,0,0.0,990
amamori-041226,1,0,0.0,990
asarinoyado,1,0,0.0,990
atsu33,1,0,0.0,990
baokin.hcmus,1,0,0.0,990
brave-心勇-heart,1,0,0.0,990
currentbranch,1,0,0.0,990
f,1,0,0.0,990
fksmaaaaa,1,0,0.0,990
green gum,1,0,0.0,990
ihatebaselines.com,1,0,0.0,990
illness fubuki,1,0,0.0,990
jam yann,1,0,0.0,990
jorge fabian avila,1,0,0.0,990
kekekk,1,0,0.0,990
kenN2439,1,0,0.0,990
kkkk,1,0,0.0,990
lupodevelop,1,0,0.0,990
malone001,1,0,0.0,990
mhi,1,0,0.0,990
mintBomber,1,0,0.0,990
mw,1,0,0.0,990
nya,1,0,0.0,990
otani_ai_memo,1,0,0.0,990
paraina,1,0,0.0,990
patamaru,1,0,0.0,990
pes_magic,1,0,0.0,990
pino 70122,1,0,0.0,990
piska,1,0,0.0,990
sea8gull,1,0,0.0,990
smithhoo,1,0,0.0,990
teetru,1,0,0.0,990
trail,1,0,0.0,990
tsu_22_1,1,0,0.0,990
twakaiki,1,0,0.0,990
ulaph4,1,0,0.0,990
very kaggle,1,0,0.0,990
wingsyuyi-satori,1,0,0.0,990
xloudmax,1,0,0.0,990
yamamekko,1,0,0.0,990
yaphanqiii,1,0,0.0,990
yayoi111,1,0,0.0,990
zk,1,0,0.0,990
あなまか,1,0,0.0,990
たかゆき,1,0,0.0,990
どんぐりん,1,0,0.0,990
チャーハン,1,0,0.0,990
ユウカ,1,0,0.0,990
bigdan7,5,2,0.4,989
digimagi,6,2,0.3333333333333333,989
hamuhei,6,2,0.3333333333333333,989
miraiTDL,3,1,0.3333333333333333,989
Xander,7,2,0.2857142857142857,989
5.5,1,0,0.0,989
Akito Maruo,1,0,0.0,989
Alejandro Espinoza,1,0,0.0,989
Amon Suzuki,1,0,0.0,989
Benjp8,1,0,0.0,989
BullFloG,1,0,0.0,989
Chipping Spearow,1,0,0.0,989
DaJimmy,1,0,0.0,989
Dennis Tran,1,0,0.0,989
Do Hyun Nam,1,0,0.0,989
Eesh saxena,1,0,0.0,989
Emanuel Lázaro,1,0,0.0,989
Evily Evihut,1,0,0.0,989
Filip Strzałka,1,0,0.0,989
Forrest,1,0,0.0,989
Gyan Melior,1,0,0.0,989
H. Ashida,1,0,0.0,989
Harusayshi,1,0,0.0,989
Iadh Jarray,1,0,0.0,989
JackChenghao,1,0,0.0,989
Jane Long,1,0,0.0,989
Jiachen Li,1,0,0.0,989
Kagura_UT,1,0,0.0,989
Kerem çelik,1,0,0.0,989
Kiryu Mochizuki,1,0,0.0,989
Kohei #2,1,0,0.0,989
Kunal Desale,1,0,0.0,989
Larpmaxxing,1,0,0.0,989
Mactorr,1,0,0.0,989
Nene Gotanda,1,0,0.0,989
Niche,1,0,0.0,989
NinjaAviral,1,0,0.0,989
Oniku,1,0,0.0,989
Rahul Rathnavel K,1,0,0.0,989
Rare Candy Lab 🍬,1,0,0.0,989
Raymond Guo,1,0,0.0,989
RedBaseline,1,0,0.0,989
Reilly Cooper,1,0,0.0,989
TA,1,0,0.0,989
Takuma Sakamoto,1,0,0.0,989
TomoyaM,1,0,0.0,989
Too Young Too simple,1,0,0.0,989
Toshiko Miyake,1,0,0.0,989
Vupeen Thapa magar,1,0,0.0,989
William_Rod,1,0,0.0,989
Yser,1,0,0.0,989
Yuki_h,1,0,0.0,989
Yuta Tadokoro,1,0,0.0,989
aurax7,1,0,0.0,989
chunyu,1,0,0.0,989
czechmix,1,0,0.0,989
dmiyabe,1,0,0.0,989
gonbe,1,0,0.0,989
ibyyue,1,0,0.0,989
ima_AI123,1,0,0.0,989
inu1234567,1,0,0.0,989
jaehwan02,1,0,0.0,989
keiz,1,0,0.0,989
kmiya61212,1,0,0.0,989
knshnb,1,0,0.0,989
koppen9029,1,0,0.0,989
lilylily26,1,0,0.0,989
mashirome,1,0,0.0,989
match051,1,0,0.0,989
moohsin,1,0,0.0,989
pingtian,1,0,0.0,989
sea_mountain,1,0,0.0,989
tsuzuk1,1,0,0.0,989
yt0914,1,0,0.0,989
あれすくん,1,0,0.0,989
ごんさくよねきち,1,0,0.0,989
ストール,1,0,0.0,989
Zhenyu Zhang,7,2,0.2857142857142857,988
matcha110,4,1,0.25,988
s_a_ai_enginner,4,1,0.25,988
Akhyar Safrudin,1,0,0.0,988
AkiraIshikawa,1,0,0.0,988
Alexandru Tanasel,2,0,0.0,988
Alvin_Lee,1,0,0.0,988
CYLik,1,0,0.0,988
Got That Weedle?,1,0,0.0,988
HechtJP,1,0,0.0,988
I4Kaggle,1,0,0.0,988
Itoochu,1,0,0.0,988
JmpM,1,0,0.0,988
Kanata Iriyama,1,0,0.0,988
Kento Umeda,1,0,0.0,988
KuroNeko_Game_Club,1,0,0.0,988
Masashi Oohira,1,0,0.0,988
Mooreom Wang,1,0,0.0,988
Nur Srijan,1,0,0.0,988
Rauru Okitani,1,0,0.0,988
Scott G,1,0,0.0,988
Semyon Epanov,1,0,0.0,988
Sorachi KATAYAMA,1,0,0.0,988
Steven66886688,1,0,0.0,988
Sugiyama Tomoki,1,0,0.0,988
Sule-it,1,0,0.0,988
Thomas Vu,1,0,0.0,988
Vu,1,0,0.0,988
YuhiVT,1,0,0.0,988
\bleel00,1,0,0.0,988
bin luo1,1,0,0.0,988
czhhhhh,1,0,0.0,988
ebisu_ya,1,0,0.0,988
fujihara,1,0,0.0,988
hexisteme,1,0,0.0,988
ichigotosakura,1,0,0.0,988
iwatsushi,1,0,0.0,988
junfan shen,1,0,0.0,988
kosei1701,1,0,0.0,988
koumiyata,1,0,0.0,988
lalalasu,1,0,0.0,988
morux2,1,0,0.0,988
nakano_kano_shimai,1,0,0.0,988
passion,1,0,0.0,988
quantcrypto3,1,0,0.0,988
rs517,1,0,0.0,988
setsuhei,1,0,0.0,988
table spoonful,1,0,0.0,988
thisray,1,0,0.0,988
thyme20010113,1,0,0.0,988
trickstar,2,0,0.0,988
yomogii,1,0,0.0,988
増殖するG,1,0,0.0,988
江东,1,0,0.0,988
渡邊征央,1,0,0.0,988
野原拓也,1,0,0.0,988
서재원,1,0,0.0,988
tamakiken_OB,7,2,0.2857142857142857,987
kaggle_bbgg,4,1,0.25,987
ASH,2,0,0.0,987
Genocide Hashimoto,1,0,0.0,987
Kisan Al Gaib,1,0,0.0,987
Kosuke Izumi,1,0,0.0,987
Matthew Huang,1,0,0.0,987
PRINCE KUMAR YADAV,1,0,0.0,987
Remielle,1,0,0.0,987
Samsay24,2,0,0.0,987
Suchai,1,0,0.0,987
The Weeknd,1,0,0.0,987
Timmy Juicehouse,1,0,0.0,987
Yang Jinneng,1,0,0.0,987
Yizhi,1,0,0.0,987
Yuki Ikeda,1,0,0.0,987
quezalt,1,0,0.0,987
vvhan,8,3,0.375,986
Banger_,1,0,0.0,986
Charles Wallis,1,0,0.0,986
KiChang.Kim,2,0,0.0,986
LiFeng Wen,1,0,0.0,986
Raihan Ramadistra,2,0,0.0,986
shibachan,1,0,0.0,986
原田龍馬,2,0,0.0,986
Manato TAKAI,4,1,0.25,985
DHKim0324,2,0,0.0,985
Lester Leong,2,0,0.0,985
Ryo Ochi,2,0,0.0,985
Sholto Armstrong,2,0,0.0,985
Troy_xx,2,0,0.0,985
YaYu,2,0,0.0,985
aramaa_game,2,0,0.0,985
pokabu1104,1,0,0.0,985
cocosu3434,13,5,0.38461538461538464,984
kenkoooo,12,4,0.3333333333333333,984
tokk,9,3,0.3333333333333333,984
Ken_Ken_Pa,7,2,0.2857142857142857,984
Legend Brothers,4,1,0.25,984
Abdul Rauf,2,0,0.0,984
Abhyuday,2,0,0.0,984
Akasamai,2,0,0.0,984
Cesar Augusto Sibila,2,0,0.0,984
Challengestone,2,0,0.0,984
FirstSS-Sub,2,0,0.0,984
H & Z,2,0,0.0,984
HughTCG,2,0,0.0,984
Kamal Das,2,0,0.0,984
PiotrKley,2,0,0.0,984
Syuta,2,0,0.0,984
T.Kawahara,2,0,0.0,984
Tardigrades,2,0,0.0,984
Yamin Hossain,2,0,0.0,984
david valor,2,0,0.0,984
mewworldorder,2,0,0.0,984
monaou,2,0,0.0,984
qwertykeypadapple,2,0,0.0,984
teem,2,0,0.0,984
v0m0v,2,0,0.0,984
Rory Neville,5,1,0.2,983
Angus Chang,2,0,0.0,983
Joseph Adamski,2,0,0.0,983
LowEffort,2,0,0.0,983
MMA,2,0,0.0,983
Nicolas Gomasjaya,2,0,0.0,983
StackKnight,2,0,0.0,983
Ville,2,0,0.0,983
Voyager,2,0,0.0,983
miruto,2,0,0.0,983
namopanda,2,0,0.0,983
yoshimasak,2,0,0.0,983
yuyutech(Genuine),2,0,0.0,983
POPCORN,7,2,0.2857142857142857,982
OverfitOracle,5,1,0.2,982
AndyLiuHz,2,0,0.0,982
David Tan,2,0,0.0,982
FMBRO,2,0,0.0,982
Gotem Penguin,2,0,0.0,982
Ketchum Alt,2,0,0.0,982
Mega LayerEX,2,0,0.0,982
NSTS04,2,0,0.0,982
Pilkwang Kim,2,0,0.0,982
ShoheiSaito,2,0,0.0,982
Soruton,2,0,0.0,982
Stepan Antonov,2,0,0.0,982
VSKi Li,2,0,0.0,982
Yaro Perventsev,2,0,0.0,982
Yousef Turk,2,0,0.0,982
beeyan,2,0,0.0,982
yuya,2,0,0.0,982
Souya__1234,34,11,0.3235294117647059,981
Arthurs Torres24,5,1,0.2,981
DON,5,1,0.2,981
Akio Furutsuka,2,0,0.0,981
Aphrodite,2,0,0.0,981
Arda Karakaş,2,0,0.0,981
Gogona557,2,0,0.0,981
Hiro Nomo,2,0,0.0,981
KouFu,2,0,0.0,981
MCH,2,0,0.0,981
NaNomin,2,0,0.0,981
Reyhan Ksatria,2,0,0.0,981
Rushil Ramachandran,2,0,0.0,981
Tatsuya Goto,2,0,0.0,981
Yuki Mizutani,2,0,0.0,981
banana,2,0,0.0,981
baudo828,2,0,0.0,981
machapin,2,0,0.0,981
mtskggle,2,0,0.0,981
xthixsl_ml,2,0,0.0,981
カドラバ Kadoraba,2,0,0.0,981
水間,2,0,0.0,981
Dũng Đỗ,21,7,0.3333333333333333,980
blueshine,5,1,0.2,980
kokinnwakashuu,5,1,0.2,980
Benjamin Zhao3927,2,0,0.0,980
Capitaalgain,2,0,0.0,980
Changyuan Chen,2,0,0.0,980
Star-mine,2,0,0.0,980
fsun,2,0,0.0,980
sadwat,2,0,0.0,980
soraemon,2,0,0.0,980
xue1213,2,0,0.0,980
ykhnkf,3,0,0.0,980
Eggplanck,7,2,0.2857142857142857,979
pokeca2018,4,1,0.25,979
Hotaru dango,5,1,0.2,979
AI部,2,0,0.0,979
Carlos David Andrade,2,0,0.0,979
Kyohei,2,0,0.0,979
Lucas Henrique Mateo,2,0,0.0,979
NimaPoke,2,0,0.0,979
PokeMasters,2,0,0.0,979
YutoRagi,2,0,0.0,979
青学技術開発チーム,2,0,0.0,979
matsurih,132,57,0.4318181818181818,978
Terutora Tachibana,5,1,0.2,978
Brian Naff,2,0,0.0,978
Dylan Dove,2,0,0.0,978
momoon,2,0,0.0,978
Unreal Drip,5,1,0.2,977
venks,5,1,0.2,977
Eric Keller,2,0,0.0,977
Lukas Ogiermann,2,0,0.0,977
YehJames,3,0,0.0,977
Andreas Palmgren,26,10,0.38461538461538464,976
mitomeat823,15,5,0.3333333333333333,976
d b,8,2,0.25,976
sereinless,5,1,0.2,976
Boseiju,3,0,0.0,976
Gronk,2,0,0.0,976
HongXin Su,3,0,0.0,976
Larps,2,0,0.0,976
PRASHANT SHUKLA91,3,0,0.0,976
Pillip Youn,3,0,0.0,976
Vermillion City Trainer,3,0,0.0,976
shuheitagawa,3,0,0.0,976
moya,10,3,0.3,975
チーム運河,10,3,0.3,975
Mando,5,1,0.2,975
MarineYY,3,0,0.0,975
ZZDirty,3,0,0.0,975
neuro168,3,0,0.0,975
河村直樹,3,0,0.0,975
Dragon Ball Z,15,5,0.3333333333333333,974
tonakaiiii,9,2,0.2222222222222222,974
Misaka Mikoto,3,0,0.0,974
jeruman,3,0,0.0,974
ocotopus,3,0,0.0,974
suk1yak1,3,0,0.0,974
takaygiiiiiiii,3,0,0.0,974
Kohecchi,18,6,0.3333333333333333,973
researcher_4242,6,1,0.16666666666666666,973
Tanupro,27,10,0.37037037037037035,972
nasuo445,12,4,0.3333333333333333,972
Haokai Ding,3,0,0.0,972
Hiroki Yamazaki,3,0,0.0,972
ShumpeiNomura,4,0,0.0,972
magu1234,3,0,0.0,972
puraza,3,0,0.0,972
李秉叡（ntumlnoob）,29,11,0.3793103448275862,971
Tony Li,16,5,0.3125,971
yaki-imo,6,1,0.16666666666666666,970
(ノ◡ <),4,0,0.0,970
btk15049,121,58,0.4793388429752066,969
Yudai Ueno,118,55,0.4661016949152542,969
wally0593,16,5,0.3125,969
Heitor Westphal,3,0,0.0,969
Julian,24,8,0.3333333333333333,968
seven,10,2,0.2,968
Banjo,4,0,0.0,968
Shelgon,4,0,0.0,968
otashue,3,0,0.0,968
今井大登,14,4,0.2857142857142857,967
【ＡＩと共に、ＡＩと戦う】tubotu,15,4,0.26666666666666666,967
amaotone,109,48,0.44036697247706424,966
浅井翔,7,1,0.14285714285714285,966
Melvin Low,4,0,0.0,966
mutualns,4,0,0.0,966
ojicat,4,0,0.0,966
于笑非lilishyxf,7,1,0.14285714285714285,965
kazusw,4,0,0.0,965
tadhase,4,0,0.0,965
Meghana284,14,4,0.2857142857142857,964
Aikimi,9,2,0.2222222222222222,964
Chong Pfeffer,10,2,0.2,964
nishikawa,4,0,0.0,964
Asa-sotta ,7,1,0.14285714285714285,963
L-WALID,4,0,0.0,963
Octavi Grau,4,0,0.0,963
ヌメルゴンex,4,0,0.0,963
masspeaks,47,16,0.3404255319148936,962
yuki0202,9,2,0.2222222222222222,962
tennogh,12,3,0.25,961
fishcat,9,2,0.2222222222222222,961
AdrianWang2003,11,2,0.18181818181818182,961
Yufeng,4,0,0.0,961
Pascal Pfeiffer,6,1,0.16666666666666666,960
Flying Banana,4,0,0.0,960
Jack,29,8,0.27586206896551724,959
HIDEYO CHIBA,7,1,0.14285714285714285,959
Jeffrey Saelee,6,1,0.16666666666666666,958
less,20,6,0.3,956
Cabrera Consulting Group,5,0,0.0,956
Mikael Marcondes,22,7,0.3181818181818182,955
Larry,8,1,0.125,955
SORA,5,0,0.0,955
shiratama,15,4,0.26666666666666666,954
Peng Wang,10,2,0.2,954
Kazama Yusuke,11,2,0.18181818181818182,954
Canon,19,5,0.2631578947368421,953
Rockway Chen,7,1,0.14285714285714285,953
Zachary Zhang,9,1,0.1111111111111111,953
Yukhoe,5,0,0.0,953
Www,5,0,0.0,952
takumina,6,0,0.0,952
鸽鸽257,5,0,0.0,952
payanotty,6,0,0.0,951
akmr,16,4,0.25,950
Akira-Ninth,6,0,0.0,950
hinox13,10,2,0.2,949
hatry,11,2,0.18181818181818182,949
palsystem,11,2,0.18181818181818182,949
Takuya Ando,5,0,0.0,949
YuPengCao,19,5,0.2631578947368421,948
Erik van de Ven,15,3,0.2,948
base_camp_2002,8,1,0.125,947
懒惰的金枪鱼,22,6,0.2727272727272727,944
kuromoka,15,3,0.2,944
Unicorn,6,0,0.0,944
aaa,33,9,0.2727272727272727,942
nakkan_AI,11,2,0.18181818181818182,941
htehte,10,1,0.1,941
trainer-1,20,5,0.25,940
Gyoukou,19,4,0.21052631578947367,937
Boss's Orders Are All You Need,7,0,0.0,934
haruto,7,0,0.0,932
WinDecks,11,1,0.09090909090909091,930
zhangshuosc,16,3,0.1875,918
SebaMG,10,0,0.0,917
yumizu,10,0,0.0,913
